{
	"parent": "minecraft:block/button",
	"ambientocclusion": false,
	"textures": {
		"0": "blockbench/texture_0",
		"particle": "blockbench/texture_0"
	},
	"elements": [
		{
			"name": "side1",
			"from": [0, 0, 0],
			"to": [3, 16, 3],
			"rotation": {"angle": 0, "axis": "y", "origin": [8, 8, -5]},
			"faces": {
				"north": {"uv": [13, 16, 16, 0], "texture": "#0", "cullface": "north"},
				"east": {"uv": [13, 0, 16, 16], "texture": "#0"},
				"south": {"uv": [13, 0, 16, 16], "texture": "#0", "cullface": "south"},
				"west": {"uv": [16, 0, 13, 16], "texture": "#0", "cullface": "west"},
				"down": {"uv": [13, 13, 16, 16], "texture": "#0", "cullface": "down"}
			}
		},
		{
			"name": "middle1",
			"from": [0.5, 3, 9],
			"to": [2.5, 16, 11],
			"rotation": {"angle": 0, "axis": "y", "origin": [9.5, 8, 4]},
			"faces": {
				"north": {"uv": [5, 1, 7, 13], "texture": "#0", "cullface": "south"},
				"east": {"uv": [5, 1, 7, 13], "texture": "#0"},
				"south": {"uv": [5, 1, 7, 13], "texture": "#0", "cullface": "south"},
				"west": {"uv": [5, 1, 7, 13], "texture": "#0", "cullface": "south"},
				"down": {"uv": [13, 13, 16, 16], "texture": "#missing", "cullface": "down"}
			}
		},
		{
			"name": "middle2",
			"from": [0.5, 3, 5],
			"to": [2.5, 16, 7],
			"rotation": {"angle": 0, "axis": "y", "origin": [9.5, 8, 0]},
			"faces": {
				"north": {"uv": [9, 1, 11, 13], "texture": "#0"},
				"east": {"uv": [9, 1, 11, 13], "texture": "#0"},
				"south": {"uv": [9, 1, 11, 13], "texture": "#0"},
				"west": {"uv": [9, 1, 11, 13], "texture": "#0"},
				"down": {"uv": [13, 13, 16, 16], "texture": "#missing", "cullface": "down"}
			}
		},
		{
			"name": "bottom",
			"from": [0, 0, 3],
			"to": [3, 3, 13],
			"rotation": {"angle": 0, "axis": "x", "origin": [8, -5, 5]},
			"faces": {
				"east": {"uv": [3, 13, 13, 16], "texture": "#0"},
				"south": {"uv": [13, 13, 16, 16], "texture": "#missing", "cullface": "down"},
				"west": {"uv": [13, 13, 3, 16], "texture": "#0", "cullface": "west"},
				"up": {"uv": [13, 0, 16, 16], "texture": "#0", "cullface": "south"},
				"down": {"uv": [13, 11, 16, 1], "rotation": 180, "texture": "#0", "cullface": "north"}
			}
		},
		{
			"name": "top",
			"from": [0, 15, 3],
			"to": [3, 16, 13],
			"rotation": {"angle": 0, "axis": "x", "origin": [8, 10, 5]},
			"faces": {
				"east": {"uv": [3, 0, 13, 1], "texture": "#0"},
				"south": {"uv": [13, 13, 16, 16], "texture": "#missing", "cullface": "down"},
				"west": {"uv": [3, 0, 13, 1], "texture": "#0"},
				"up": {"uv": [3, 16, 13, 13], "rotation": 90, "texture": "#0", "cullface": "south"},
				"down": {"uv": [13, 12, 16, 2], "rotation": 180, "texture": "#0", "cullface": "north"}
			}
		},
		{
			"name": "side2",
			"from": [0, 0, 13],
			"to": [3, 16, 16],
			"faces": {
				"north": {"uv": [13, 16, 16, 0], "texture": "#0", "cullface": "north"},
				"east": {"uv": [0, 0, 3, 16], "texture": "#0"},
				"south": {"uv": [13, 0, 16, 16], "texture": "#0", "cullface": "south"},
				"west": {"uv": [3, 0, 0, 16], "texture": "#0", "cullface": "west"},
				"down": {"uv": [13, 13, 16, 16], "texture": "#0", "cullface": "down"}
			}
		}
	],
	"groups": [
		{
			"name": "door_bottom",
			"origin": [8, 8, 8],
			"children": [0, 1, 2, 3, 4, 5]
		}
	]
}